id,name,sex,old,address,email,phone
1,Alice,M,19,123 Main St,alice@example.com,555-1234
2,Charlie,F,51,456 Elm St,charlie@example.com,555-5678
3,Frank,F,45,789 Oak St,frank@example.com,555-8765
4,Grace,M,21,101 Pine St,grace@example.com,555-4321
5,David,F,68,202 Maple St,david@example.com,555-2345
6,Alice,F,89,303 Birch St,alice2@example.com,555-6789
7,Charlie,M,20,404 Cedar St,charlie2@example.com,555-3456
8,Bob,M,47,505 Walnut St,bob@example.com,555-7890
9,Grace,M,36,606 Spruce St,grace2@example.com,555-9012
10,Jack,F,34,707 Fir St,jack@example.com,555-2134
11,Charlie,M,64,808 Ash St,charlie3@example.com,555-3245
12,Frank,M,88,909 Cherry St,frank2@example.com,555-4356
13,David,F,19,1001 Beech St,david2@example.com,555-5467
14,Charlie,M,40,1102 Poplar St,charlie4@example.com,555-6578
15,Jack,F,37,1203 Sycamore St,jack2@example.com,555-7689
16,Frank,M,48,1304 Cypress St,frank3@example.com,555-8790
17,Isaac,F,47,1405 Willow St,isaac@example.com,555-9801
18,Bob,F,21,1506 Redwood St,bob2@example.com,555-0912
19,David,F,69,1607 Palm St,david3@example.com,555-1023
20,Frank,F,27,1708 Bamboo St,frank4@example.com,555-2135
21,Eve,M,46,1809 Pineapple St,eve@example.com,555-3246
22,Alice,F,26,1901 Coconut St,alice3@example.com,555-4357
23,Hannah,F,35,2002 Mango St,hannah@example.com,555-5468
24,Hannah,M,40,2103 Guava St,hannah2@example.com,555-6579
25,Jack,M,27,2204 Papaya St,jack3@example.com,555-7680
26,Hannah,F,38,2305 Lychee St,hannah3@example.com,555-8791
27,Jack,F,62,2406 Rambutan St,jack4@example.com,555-9802
28,Grace,M,40,2507 Longan St,grace3@example.com,555-0913
29,Grace,M,76,2608 Durian St,grace4@example.com,555-1024
30,David,F,76,2709 Mangosteen St,david4@example.com,555-2136
31,Grace,F,68,2801 Jackfruit St,grace5@example.com,555-3247
32,Hannah,M,42,2902 Kiwi St,hannah4@example.com,555-4358
33,Bob,M,74,3003 Starfruit St,bob3@example.com,555-5469
34,Charlie,M,30,3104 Dragonfruit St,charlie5@example.com,555-6570
35,David,F,65,3205 Passionfruit St,david5@example.com,555-7681
36,Alice,M,62,3306 Fig St,alice4@example.com,555-8792
37,Charlie,F,76,3407 Pomegranate St,charlie6@example.com,555-9803
38,David,F,89,3508 Persimmon St,david6@example.com,555-0914
39,David,F,39,3609 Peach St,david7@example.com,555-1025
40,Hannah,M,69,3701 Pear St,hannah5@example.com,555-2137
41,Alice,F,83,3802 Apricot St,alice5@example.com,555-3248
42,Grace,F,29,3903 Cherry St,grace6@example.com,555-4359
43,Grace,F,37,4004 Grape St,grace7@example.com,555-5460
44,Jack,F,77,4105 Melon St,jack5@example.com,555-6571
45,Charlie,M,67,4206 Plum St,charlie7@example.com,555-7682
46,Grace,F,58,4307 Lemon St,grace8@example.com,555-8793
47,Grace,F,70,4408 Lime St,grace9@example.com,555-9804
48,Grace,M,75,4509 Orange St,grace10@example.com,555-0915
49,Grace,M,59,4601 Papaya St,grace11@example.com,555-1026
50,Isaac,F,58,4702 Mango St,isaac2@example.com,555-2138
51,Hannah,F,59,4803 Guava St,hannah6@example.com,555-3249
52,David,M,60,4904 Lychee St,david8@example.com,555-4360
53,Isaac,M,21,5005 Longan St,isaac3@example.com,555-5461
54,Bob,F,45,5106 Fig St,bob4@example.com,555-6572
55,Isaac,F,49,5207 Peach St,isaac4@example.com,555-7683
56,David,M,38,5308 Mango St,david9@example.com,555-8794
57,David,F,60,5409 Guava St,david10@example.com,555-9805
58,Frank,F,82,5501 Lychee St,frank5@example.com,555-0916
59,Frank,M,22,5602 Longan St,frank6@example.com,555-1027
60,David,F,74,5703 Mango St,david11@example.com,555-2139
61,Charlie,M,56,5804 Guava St,charlie8@example.com,555-3250
62,Alice,F,29,5905 Lychee St,alice6@example.com,555-4361
63,Isaac,M,73,6006 Longan St,isaac5@example.com,555-5462
64,Eve,F,87,6107 Mango St,eve2@example.com,555-6573
65,Charlie,M,55,6208 Guava St,charlie9@example.com,555-7684
66,Bob,M,61,6309 Lychee St,bob5@example.com,555-8795
67,Isaac,M,20,6401 Longan St,isaac6@example.com,555-9806
68,Frank,F,35,6502 Mango St,frank7@example.com,555-0917
69,Hannah,F,35,6603 Guava St,hannah7@example.com,555-1028
70,Jack,M,70,6704 Lychee St,jack6@example.com,555-2140
71,Frank,F,50,6805 Longan St,frank8@example.com,555-3251
72,Jack,M,57,6906 Mango St,jack7@example.com,555-4362
73,Hannah,F,18,7007 Guava St,hannah8@example.com,555-5463
74,David,F,29,7108 Lychee St,david12@example.com,555-6574
75,Grace,M,50,7209 Longan St,grace12@example.com,555-7685
76,Charlie,M,35,7301 Mango St,charlie10@example.com,555-8796
77,Frank,M,63,7402 Guava St,frank9@example.com,555-9807
78,Frank,F,45,7503 Lychee St,frank10@example.com,555-0918
79,David,M,90,7604 Longan St,david13@example.com,555-1029
80,Eve,F,38,7705 Mango St,eve3@example.com,555-2141
81,Alice,F,73,7806 Guava St,alice7@example.com,555-3252
82,Isaac,M,56,7907 Lychee St,isaac7@example.com,555-4363
83,Alice,F,32,8008 Longan St,alice8@example.com,555-5464
84,Alice,F,59,8109 Mango St,alice9@example.com,555-6575
85,Bob,M,37,8201 Guava St,bob6@example.com,555-7686
86,David,F,60,8302 Lychee St,david14@example.com,555-8797
87,Charlie,F,23,8403 Longan St,charlie11@example.com,555-9808
88,Hannah,F,53,8504 Mango St,hannah9@example.com,555-0919
89,Hannah,F,68,8605 Guava St,hannah10@example.com,555-1030
90,Bob,F,24,8706 Lychee St,bob7@example.com,555-2142
